-- phpMyAdmin SQL Dump
-- version 5.2.1
-- https://www.phpmyadmin.net/
--
-- Servidor: 127.0.0.1
-- Tiempo de generación: 15-07-2023 a las 19:48:10
-- Versión del servidor: 10.4.28-MariaDB
-- Versión de PHP: 8.2.4

SET SQL_MODE = "NO_AUTO_VALUE_ON_ZERO";
START TRANSACTION;
SET time_zone = "+00:00";


/*!40101 SET @OLD_CHARACTER_SET_CLIENT=@@CHARACTER_SET_CLIENT */;
/*!40101 SET @OLD_CHARACTER_SET_RESULTS=@@CHARACTER_SET_RESULTS */;
/*!40101 SET @OLD_COLLATION_CONNECTION=@@COLLATION_CONNECTION */;
/*!40101 SET NAMES utf8mb4 */;

--
-- Base de datos: `guardias`
--

-- --------------------------------------------------------

--
-- Estructura de tabla para la tabla `actividades`
--


--
-- Volcado de datos para la tabla `actividades`
--

INSERT INTO `actividades` (`Codigo`, `Descripcion`, `Mostrar_en_listas`) VALUES
('1', 'Docencia', 1),
('116', 'Coordinación de ciclos', 1),
('117', 'Tutoría de Atención a Padres y Madres', 1),
('136', 'Pedagogía Terapéutica', 1),
('156', 'Actividades de formación y perfeccionamiento', 1),
('157', 'Reuniones Equipos Ciclo', 1),
('158', 'Actividades complementarias y extraescolares', 1),
('159', 'Atención a problemas de aprendizaje del alumnado', 1),
('176', 'Mayores de 55 años', 1),
('2', 'Tutoría con alumnos (ESO)', 1),
('21', 'Actividades de refuerzo', 1),
('216', 'Recreo (en Infantil/Primaria)', 1),
('217', 'Audición y Lenguaje', 1),
('22', 'Programación de actividad de aula', 1),
('25', 'Guardias', 1),
('256', 'Tutoría individual (ESPA ó Bach. Adult)', 1),
('27', 'Guardia de Recreo (en Inf.-Primaria o E.S.O en Col. de Ed. Infantil/Primaria)', 1),
('277', 'Enseñanzas Complementarias', 1),
('278', 'Diversificación curricular', 1),
('281', 'Coordinación Tecnología Informac. y la Comunic.', 1),
('282', 'Coordinación Enseñanzas Bilingües', 1),
('287', 'Otras actividades culturales y recreativas', 1),
('296', 'Coordinación de Planes y Proyectos', 1),
('319', 'Tutoría (Infantil-Primaria)', 1),
('338', 'Coordinación con Equipo de Orientación Educativa', 1),
('34', 'Otras Actividades recogidas en la PGA', 1),
('347', 'Ed. Especial', 1),
('348', 'Tutoría colectiva (ESPA ó Bach. Adultos)', 1),
('350', 'Coordinación Proyectos de Calidad (Form. Profes.)', 1),
('351', 'Tutoría con alumnado de Formac. Profes.', 1),
('353', 'Guardia de recreo (ESO)', 1),
('354', 'Asistencia a reuniones de Equipos Docentes', 1),
('376', 'Tutoría de Bachillerato', 1),
('377', 'Docencia en materias pendientes o con evaluación negativa', 1),
('378', 'Responsable de Bibliotecas', 1),
('379', 'Prácticas de laboratorio', 1),
('380', 'Participación en Secciones Bilingües', 1),
('381', 'Tutoría de Coordinación con el Departamento de Orientación y Jefatura de Estudios', 1),
('382', 'Representante en el CPR', 1),
('383', 'Tutoría de Profesores en Prácticas', 1),
('384', 'Preparación de prácticas de laboratorio, taller y similares', 1),
('385', 'Coordinador de Tecnologías Educativas', 1),
('386', 'Periodos de despacho y coordinación del Equipo Directivo', 1),
('388', 'Participación en proyectos institucionales y Secciones Bilingües', 1),
('389', 'Atención de llegada y salida del alumnado de transporte escolar', 1),
('390', 'Reuniones Claustro, Consejo Escolar y CCP', 1),
('391', 'Apoyo Educativo', 1),
('392', 'Organización de actividades deportivas y artísticas', 1),
('393', 'Otras funciones de coordinación contempladas en la PGA', 1),
('394', 'Tutoría', 1),
('395', 'Desdoblamiento de Idiomas', 1),
('398', 'Guardia de Recreo de CP,CRA,EE', 1),
('399', 'Compensación horas lectivas por encima de 18', 1),
('4', 'Atención a Biblioteca', 1),
('400', 'Profundización', 1),
('401', 'Representante del Claustro en el CPR', 1),
('405', 'Dedicación a departamento de orientación', 1),
('407', 'Coordinación de tutores de un curso', 1),
('408', 'Coordinación de tutores de un curso', 1),
('409', 'Colaboración con jefatura de estudios', 1),
('411', 'Actividades de recuperación', 1),
('412', 'Actividades de desdoblamiento', 1),
('413', 'Estudio inserción laboral', 1),
('414', 'Colaboración con tutor F.C.T.', 1),
('415', 'Otras actividades vinculadas al departamento de familia profesional', 1),
('416', 'Tutoría con alumnos (PCPI)', 1),
('417', 'Tutoría Bachillerato LOE', 1),
('418', 'Comisión de coordinación pedagógica', 1),
('43', 'Itinerancia', 1),
('44', 'Función directiva', 1),
('45', 'Jefatura de Departamentos', 1),
('459', 'Refuerzo de destrezas', 1),
('46', 'Dedicación sindical', 1),
('460', 'Tutoría de That\'s English', 1),
('461', 'Tutoría On line de That\'s English', 1),
('462', 'Colaboración con Jefe de Departamento', 1),
('463', 'Atención al alumno', 1),
('464', 'Coordinación de proyectos intitucionales', 1),
('465', 'Organización de actividades didácticas', 1),
('466', 'Coordinación de That\'s English', 1),
('467', 'Participación en proyectos institucionales', 1),
('468', 'Participación en proyectos institucionales', 1),
('469', 'Tutoría de coordinación con jefatura de estudios', 1),
('471', 'Tutoría ECTS', 1),
('476', 'Docencia EOI', 1),
('477', 'Hora de Obligada Permanencia', 1),
('479', 'Asesoría', 1),
('48', 'Cargo Electo Público', 1),
('480', 'Permanencia', 1),
('5', 'Representante del profesorado en el Consejo Escolar', 1),
('502', 'Plan Portugal', 1),
('508', 'Seguimiento del módulo de Proyecto', 1),
('509', 'Lectiva Oferta Parcial', 1),
('51', 'Reuniones de Departamentos', 1),
('510', 'Actividades de apoyo', 1),
('511', 'Otras actividades del profesorado durante la Fct', 1),
('512', 'Coordinador de Proyectos Internacionales', 1),
('513', 'Tutoría con alumnos de FP', 1),
('514', 'Educación Especial', 1),
('515', 'Docencia FP dual', 1),
('516', 'Coordinación Proyecto FP dual', 1),
('517', 'Coordinación AEPA', 1),
('518', 'Coordinador de Nivel (EOI)', 1),
('519', 'Coordinador de Aulas Adscritas', 1),
('520', 'Lengua Árabe y Cultura Marroquí', 1),
('521', 'Lengua y Cultura Portuguesa', 1),
('522', 'Coordinación de alumnado en prácticas', 1),
('523', 'Administrador Mentor', 1),
('524', 'Tutoría con alumnos (FPB)', 1),
('525', 'Coordinación de Nivel', 1),
('528', 'Docencia PALV', 1),
('540', 'Tutoría con alumnos (ESPA)', 1),
('541', 'REMA. Refuerzo Educativo', 1),
('542', 'REMA. Hábitos y técnicas de estudio', 1),
('543', 'REMA. Competencia Socioemocional', 1),
('544', 'REMA:planificación, organización y coordinación', 1),
('545', 'REMA:coordinación entre el profesorado', 1),
('546', 'REMA:actividades formativas para facilitar intervención', 1),
('547', 'REMA. Tutorización alumnado y familias', 1),
('548', 'REMA:formación y orientación familiar', 1),
('549', 'PEE - Refuerzo Educativo', 1),
('550', 'TUTORIAS CON EL ALUMNADO', 1),
('551', 'Periodos de audiciones y preparación de ensayos', 1),
('553', 'Actividades de refuerzo', 1),
('561', 'Piano acompañante', 1),
('601', 'Seguimiento del módulo de Proyecto (Lec)', 1),
('641', 'Oficina', 1),
('642', 'Limpieza', 1),
('643', 'Ordenanza', 1),
('644', 'Docencia', 1),
('645', 'Refuerzo', 1),
('646', 'Apoyo', 1),
('647', 'Asesoría', 1),
('648', 'Despacho y Coordinación', 1),
('649', 'Profundización', 1),
('650', 'Representante Consejo', 1),
('651', 'Prácticas', 1),
('681', 'Prospección de empresas para FP DUAL', 1),
('682', 'Actividad propia del Programa CAEP-ÍTACA', 1),
('683', 'Comisión de Trabajo CAEP-ÍTACA', 1),
('684', 'Comisión de absentismo escolar', 1),
('685', 'Comisión de convivencia', 1),
('686', 'Atención a familias', 1),
('701', 'Redacción de pruebas de certificación de competencias lingüísticas', 1),
('702', 'Coordinación de idioma pruebas de certificación de competencias lingüísticas', 1),
('703', 'Coordinación General pruebas de certificación de competencias lingüísticas', 1),
('721', 'Coordinación RadioEdu', 1),
('722', 'Coordinación Librarium', 1),
('723', 'Coordinación CITE', 1),
('724', 'Coordinación Foro Nativos Digitales', 1),
('725', 'Mentor eScholarium', 1),
('726', 'Profesor Cibermentores', 1),
('741', 'ACTIVATE: Habilidades cognitivas', 1),
('742', 'ACTIVATE: Habilidades emocionales', 1),
('743', 'ACTIVATE: Metodologías activas', 1),
('761', 'Tutoría', 1),
('762', 'Comunicación y difusión de Formación Profesional', 1),
('763', 'Comunicación y difusión de Formación Profesional', 1),
('764', 'Actividad propia del Programa Transita Plus', 1),
('765', 'Comisión de Trabajo Transita Plus', 1);

-- --------------------------------------------------------

--
-- Estructura de tabla para la tabla `causas`
--

--
-- Volcado de datos para la tabla `causas`
--

INSERT INTO `causas` (`codigo`, `descripcion`) VALUES
(1, 'Excursion'),
(2, 'Enfermedad'),
(3, 'Permiso dirección'),
(4, 'Deber inexcusable de caracter público o personal'),
(5, 'Visita médica'),
(6, 'Fallecimiento de un familiar'),
(7, 'Desconocido'),
(8, ' Enfermedad grave de un familiar'),
(9, 'Reunión'),
(10, 'ACOMPAÑA A UN GRUPO EN ACTIVIDAD'),
(11, 'CONFINAMIENTO DE SU GRUPO DE CLASE'),
(12, 'CUARENTENA'),
(13, 'Huelga'),
(14, 'Asuntos particulares');

-- --------------------------------------------------------

--
-- Estructura de tabla para la tabla `config`
--

--
-- Volcado de datos para la tabla `config`
--

INSERT INTO `config` (`fecha_ult_camb_turno`, `id`) VALUES
('2020-11-13', 1);

-- --------------------------------------------------------

--
-- Estructura de tabla para la tabla `cursos`
--

--
-- Volcado de datos para la tabla `cursos`
--

INSERT INTO `cursos` (`Codigo`, `Descripcion`) VALUES
('100323', '1º E.S.O.'),
('100324', '2º E.S.O.'),
('100325', '3º E.S.O.'),
('100326', '4º E.S.O.'),
('113971', '1º F.P.E.G.M.(Gestión Administrativa)'),
('114221', '1º F.P.E.G.S. (Administración de sistemas informáticos en Red)'),
('120373', '1º F.P.E.G.S.(Desarrollo de Aplicaciones Multiplataforma)'),
('120374', '1º F.P.E.G.S.(Desarrollo de Aplicaciones Web)'),
('120381', '2º F.P.E.G.S. (Administración de sistemas informáticos en Red)'),
('120464', '2º F.P.E.G.S.(Desarrollo de Aplicaciones Multiplataforma)'),
('120465', '2º F.P.E.G.M.(Gestión Administrativa)'),
('120474', '2º F.P.E.G.S.(Desarrollo de Aplicaciones Web)'),
('120903', '1º F.P.E.G.S. (Administración y Finanzas)'),
('120904', '1º F.P.E.G.S. (Asistencia a la Dirección)'),
('120909', '1º F.P.E.G.S. (Gestión de Ventas y Espacios Comerciales)'),
('120919', '1º F.P.E.G.M. (Actividades Comerciales)'),
('120981', '1º F.P.E.G.S.(Márketing y Publicidad)'),
('120985', 'F.P.E.G.M. On-line (Gestión Administrativa)'),
('121033', '2º F.P.B. (Servicios comerciales)'),
('121555', '1º de Bachillerato (Humanidades y Ciencias Sociales)'),
('121585', '2º F.P.E.G.S.(Márketing y Publicidad)'),
('121590', '2º F.P.E.G.S. (Administración y Finanzas)'),
('121591', '2º F.P.E.G.S. (Asistencia a la Dirección)'),
('121592', '2º F.P.E.G.S. (Gestión de Ventas y Espacios Comerciales)'),
('121595', '2º F.P.E.G.M. (Actividades Comerciales)'),
('121631', '2º de Bachillerato (Ciencias)'),
('121632', '2º de Bachillerato (Humanidades y Ciencias Sociales)'),
('121698', 'Programa de Mejora del Aprendizaje y del Rendimiento 2º ESO'),
('122724', 'F.P.E.G.S. On-line (Márketing y Publicidad)'),
('122844', 'C.E. Inteligencia Artificial y Big Data'),
('122940', '1º de Bachillerato (General)'),
('122942', '3º E.S.O. Diversificación'),
('122982', '1º C.F.G.B. (Servicios comerciales)'),
('123055', '1º de Bachillerato (Ciencias y Tecnología)'),
('123088', 'C.P.N.3 Márketing y compraventa internacional'),
('123089', 'C.P.N.3 Gestión administrativa y financiera del comercio internacional'),
('123103', 'C.P.N.3 Programación con lenguajes oo y bases de datos relacionales'),
('123104', 'C.P.N.3 Desarrollo de aplicaciones con tecnologías web');

-- --------------------------------------------------------

--
-- Estructura de tabla para la tabla `dependencias`
--

--
-- Volcado de datos para la tabla `dependencias`
--

INSERT INTO `dependencias` (`Codigo`, `Descripcion`) VALUES
('12631', 'B8 aula FP'),
('12632', 'B9 aula FP'),
('12633', 'B10I empresa aula'),
('18685', 'E11I aula FP'),
('18686', 'E9D Latín'),
('43315', 'B10D empresa aula'),
('43796', 'B10 despacho ext'),
('47435', 'T2 almacén informática'),
('47436', 'T11 despacho ad. informático'),
('47437', 'B10 despacho int'),
('47455', 'E2 almacén azul'),
('52590', 'P1 conserjería'),
('52619', 'B0 aseos alumnos'),
('52622', 'B1 cafetería'),
('52624', 'BP1 pasillo central'),
('52626', 'BP2 pasillo oeste'),
('52629', 'E1 sala de calefacción'),
('52632', 'P12 aseos profesores'),
('52634', 'PP1 pasillo central'),
('52655', 'PP2 pasillo oeste'),
('52656', 'PP3 pasillo este'),
('52658', 'SP1 pasillo central'),
('52660', 'SP2 pasillo oeste'),
('52662', 'SP3 pasillo este'),
('52665', 'S0 aseos alumnos'),
('52666', 'T0 aseos alumnos'),
('52667', 'TP1 pasillo central'),
('52668', 'TP2 pasillo este'),
('5386', 'B2 aula orientación'),
('5387', 'B3 aula orientación'),
('5388', 'B5 aula FP'),
('5389', 'B6 aula'),
('5390', 'P2 laboratorio ciencias'),
('5391', 'P3I aula FP'),
('5392', 'P3D aula FP'),
('5393', 'P4 aula FP'),
('5394', 'P5 aula'),
('5400', 'P6 salón actos'),
('5402', 'P7 despacho orientación'),
('5404', 'P8 departamento orientación'),
('5405', 'P9 dirección'),
('5406', 'P10 jefatura estudios'),
('5407', 'P11 jefatura estudios adjunta'),
('5411', 'P13 sala profesores'),
('5412', 'P14 biblioteca'),
('5413', 'P15 secretaría'),
('5414', 'S2 aula'),
('5415', 'S3 aula'),
('5455', 'S4 aula FP'),
('5456', 'S5 aula FP'),
('5461', 'S6 aula FP'),
('5462', 'S7 aula FP'),
('5463', 'S8 aula'),
('5464', 'S9 aula'),
('5465', 'S10 aula'),
('5466', 'S11 aula'),
('5467', 'S12 aula'),
('5468', 'S13 aula'),
('57215', 'Pistas deportivas'),
('5812', 'S14 aula'),
('5813', 'S15 aula'),
('5814', 'T1 departamento'),
('5815', 'T4 aula'),
('5816', 'T5 aula'),
('5817', 'T6 aula'),
('5818', 'T7 aula'),
('5819', 'T8 aula'),
('5820', 'T9 aula'),
('5821', 'T10 aula'),
('5848', 'E9I laboratorio física'),
('5849', 'E10 aula dibujo'),
('5850', 'E11D aula FP'),
('5851', 'E12 aula música'),
('5852', 'E14D aula FP'),
('5853', 'E14I aula FP'),
('5854', 'E16 gimnasio'),
('66115', 'R1 Aula Ordinaria1'),
('66135', 'R2 Aula Ordinaria2'),
('66136', 'R3 Aula Ordinaria3'),
('66137', 'R4 Taller edificio nuevo'),
('66138', 'R5 Baño minusválidos'),
('66139', 'R6 Cuarto caldera y datos'),
('66140', 'R7 Baños alumnos'),
('66141', 'R8'),
('66142', 'R9');

-- --------------------------------------------------------

--
-- Estructura de tabla para la tabla `materias`
--

--
-- Volcado de datos para la tabla `materias`
--

INSERT INTO `materias` (`Codigo`, `Descripcion`, `Curso`) VALUES
('62644', 'Formación y Orientación Laboral', '114221'),
('62645', 'Fundamentos de Hardware', '114221'),
('62646', 'Gestión de Bases de Datos', '114221'),
('62647', 'Implantación de Sistemas Operativos', '114221'),
('62648', 'Lenguajes de Marcas y Sistemas de Gestión de Información', '114221'),
('62649', 'Planificación y Administración de Redes', '114221'),
('65088', 'Inglés I', '113971'),
('65089', 'Comunicación empresarial y atención al cliente', '113971'),
('65090', 'Operaciones administrativas de compra-venta', '113971'),
('65091', 'Tratamiento informático de la información', '113971'),
('65092', 'Técnica contable', '113971'),
('65093', 'Formación y Orientación Laboral', '113971'),
('65119', 'Lenguajes de marca y sistemas de gestión de información', '120373'),
('65120', 'Sistemas informáticos', '120373'),
('65121', 'Bases de Datos', '120373'),
('65122', 'Programación', '120373'),
('65123', 'Entornos de desarrollo', '120373'),
('65124', 'Formación y Orientación Laboral', '120373'),
('65125', 'Lenguajes de marca y sistemas de gestión de información', '120374'),
('65126', 'Sistemas informáticos', '120374'),
('65127', 'Bases de Datos', '120374'),
('65128', 'Programación', '120374'),
('65129', 'Entornos de desarrollo', '120374'),
('65130', 'Formación y Orientación Laboral', '120374'),
('65342', 'Administración de sistemas operativos', '120381'),
('65343', 'Servicios de red e internet', '120381'),
('65344', 'Implantación de aplicaciones web', '120381'),
('65345', 'Administración de sistemas gestores de bases de datos', '120381'),
('65346', 'Seguridad y alta disponibilidad', '120381'),
('65347', 'Proyecto de administración de sistemas informáticos en red', '120381'),
('65348', 'Empresa e Iniciativa Emprendedora', '120381'),
('65349', 'Formación en centros de trabajo', '120381'),
('65883', 'Empresa e Iniciativa Emprendedora', '120464'),
('65884', 'Formación en Centros de Trabajo', '120464'),
('65885', 'Acceso a datos', '120464'),
('65886', 'Desarrollo de interfaces', '120464'),
('65887', 'Programación de servicios y procesos', '120464'),
('65888', 'Programación multimedia y dispositivos móviles', '120464'),
('65889', 'Proyecto de desarrollo de aplicaciones multiplataforma', '120464'),
('65890', 'Sistemas de gestión empresarial', '120464'),
('65891', 'Formación en Centros de Trabajo', '120465'),
('65892', 'Inglés II', '120465'),
('65893', 'Empresa en el aula', '120465'),
('65894', 'Empresa y administración', '120465'),
('65895', 'Operaciones administrativas de recursos humanos', '120465'),
('65896', 'Operaciones auxiliares de gestión de tesorería', '120465'),
('65897', 'Tratamiento de la documentación contable', '120465'),
('65956', 'Empresa e Iniciativa Emprendedora', '120474'),
('65957', 'Formación en Centros de Trabajo', '120474'),
('65958', 'Desarrollo web en entorno cliente', '120474'),
('65959', 'Desarrollo web en entorno servidor', '120474'),
('65960', 'Despligue de aplicaciones web', '120474'),
('65961', 'Diseño de interfaces web', '120474'),
('65962', 'Proyecto de desarrollo de aplicaciones web', '120474'),
('68090', 'Comunicación empresarial y atención al cliente', '120985'),
('68091', 'Formación y Orientación Laboral', '120985'),
('68092', 'Inglés I', '120985'),
('68093', 'Operaciones administrativas de compra-venta', '120985'),
('68094', 'Técnica contable', '120985'),
('68095', 'Tratamiento informático de la información', '120985'),
('68096', 'Empresa en el aula', '120985'),
('68097', 'Empresa y administración', '120985'),
('68098', 'Inglés II', '120985'),
('68099', 'Operaciones administrativas de recursos humanos', '120985'),
('68100', 'Operaciones auxiliares de gestión de tesorería', '120985'),
('68101', 'Tratamiento de la documentación contable', '120985'),
('68305', 'Atención al cliente', '121033'),
('68306', 'Operaciones auxiliares de almacenaje', '121033'),
('68307', 'Tratamiento informático de datos', '121033'),
('68308', 'Comunicación y sociedad II', '121033'),
('68378', 'Formación en Centros de Trabajo II', '121033'),
('68655', 'Formación y Orientación Laboral', '120909'),
('68658', 'Formación y Orientación Laboral', '120919'),
('68661', 'Formación y Orientación Laboral', '120903'),
('68664', 'Inglés', '120909'),
('68665', 'Inglés', '120919'),
('68666', 'Inglés', '120903'),
('68676', 'Gestión de la documentación jurídica y empresarial', '120903'),
('68677', 'Recursos humanos y responsabilidad social corporativa', '120903'),
('68678', 'Ofimática y proceso de la información', '120903'),
('68679', 'Proceso integral de la actividad comercial', '120903'),
('68680', 'Comunicación y atención al cliente', '120903'),
('68692', 'Marketing en la actividad comercial', '120919'),
('68693', 'Gestión de compras', '120919'),
('68694', 'Dinamización del punto de venta', '120919'),
('68695', 'Procesos de venta', '120919'),
('68696', 'Aplicaciones informáticas para el comercio', '120919'),
('68697', 'Gestión económica y financiera de la empresa', '120909'),
('68698', 'Políticas de marketing', '120909'),
('68699', 'Marketing digital', '120909'),
('68700', 'Investigación comercial', '120909'),
('68793', 'Ciencias aplicadas II', '121033'),
('69069', 'Formación y Orientación Laboral', '120904'),
('69070', 'Comunicación y atención al cliente', '120904'),
('69071', 'Proceso integral de la actividad comercial', '120904'),
('69072', 'Ofimática y proceso de la información', '120904'),
('69073', 'Recursos humanos y responsabilidad social corporativa', '120904'),
('69074', 'Gestión de la documentación jurídica y empresarial', '120904'),
('69075', 'Inglés', '120904'),
('70030', 'Formación y Orientación Laboral', '120981'),
('70031', 'Gestión económica y financiera de la empresa', '120981'),
('70032', 'Inglés', '120981'),
('70033', 'Investigación Comercial', '120981'),
('70034', 'Marketing digital', '120981'),
('70035', 'Políticas de Márketing', '120981'),
('71743', 'Formación en Centros de Trabajo', '121590'),
('71744', 'Proyecto de administración y finanzas', '121590'),
('71745', 'Formación en Centros de Trabajo', '121591'),
('71746', 'Proyecto de asistencia a la dirección', '121591'),
('71749', 'Formación en Centros de Trabajo', '121592'),
('71750', 'Proyecto de gestión de ventas y espacios comerciales', '121592'),
('71755', 'Proyecto de marketing y publicidad', '121585'),
('71756', 'Formación en Centros de Trabajo', '121585'),
('71774', 'Formación en Centros de Trabajo', '121595'),
('71842', 'Lengua Castellana y Ciencias Sociales II', '121033'),
('71857', 'Idioma extranjero II', '121033'),
('72010', 'Ámbito Lingüístico y Social', '121620'),
('72011', 'Ámbito Científico y Matemático', '121620'),
('72012', 'Ámbito de Lenguas Extranjeras', '121620'),
('72013', 'Educación Física', '121620'),
('72014', 'Educación Plástica, Visual y Audiovisual', '121620'),
('72016', 'Religión Católica', '121620'),
('72018', 'Valores Éticos', '121620'),
('72019', 'Iniciación a la Actividad Emprendedora y Empresarial', '121620'),
('72047', 'Segunda Lengua Extranjera', '121591'),
('72070', 'Medios y soportes de comunicación', '121585'),
('72071', 'Trabajo de campo de la investigación comercial', '121585'),
('72072', 'Atención al cliente, consumidor y usuario', '121585'),
('72092', 'Contabilidad y Fiscalidad', '121590'),
('72135', 'Organización de equipos de ventas', '121592'),
('72136', 'Diseño y elaboración de material de comunicación', '121585'),
('72187', 'Inglés', '121595'),
('72202', 'Técnicas de Almacén', '121595'),
('72248', 'Protocolo empresarial', '121591'),
('72260', 'Lanzamiento de productos y servicios', '121585'),
('72313', 'Gestión de recursos humanos', '121590'),
('72314', 'Gestión avanzada de la información', '121591'),
('72330', 'Servicios de atención comercial', '121595'),
('72331', 'Logística de almacenamiento', '121592'),
('72368', 'Organización de eventos empresariales', '121591'),
('72381', 'Gestión de un pequeño comercio', '121595'),
('72382', 'Venta técnica', '121595'),
('72383', 'Logística de aprovisionamiento', '121592'),
('72384', 'Escaparatismo y diseño de espacios comerciales', '121592'),
('72426', 'Gestión logística y comercial', '121590'),
('72427', 'Simulación empresarial', '121590'),
('72439', 'Relaciones públicas y organización de eventos de marketing', '121585'),
('72470', 'Gestión Financiera', '121590'),
('72511', 'Comercio electrónico', '121595'),
('72512', 'Gestión de productos y promociones en el punto de venta', '121592'),
('72513', 'Técnicas de venta y negociación', '121592'),
('72710', 'Cultura clásica', '121620'),
('73390', 'Matemáticas', '121620'),
('73391', 'Física y Química', '121620'),
('73392', 'Biología y Geología', '121620'),
('73393', 'Lengua Castellana y Literatura', '121620'),
('73394', 'Geografía e Historia', '121620'),
('73395', 'Primera Lengua Extranjera Inglés', '121620'),
('73396', 'Primera Lengua Extranjera Francés', '121620'),
('73441', 'Historia de España', '121631'),
('73442', 'Lengua Castellana y Literatura II', '121631'),
('73443', 'Matemáticas II', '121631'),
('73445', 'Primera Lengua Extranjera Inglés II', '121631'),
('73447', 'Biología', '121631'),
('73448', 'Geología', '121631'),
('73449', 'Dibujo Técnico II', '121631'),
('73450', 'Física', '121631'),
('73451', 'Química', '121631'),
('73452', 'Imagen y Sonido', '121631'),
('73453', 'Psicología', '121631'),
('73454', 'Tecnologías de la Información y la Comunicación II', '121631'),
('73455', 'Tecnología Industrial II', '121631'),
('73456', 'Ciencias de la Tierra y del Medio Ambiente', '121631'),
('73458', 'Segunda Lengua Extranjera Francés II', '121631'),
('73461', 'Segunda Lengua Extranjera Portugués II', '121631'),
('73462', 'Historia de la Filosofía', '121631'),
('73471', 'Historia de España', '121632'),
('73472', 'Lengua Castellana y Literatura II', '121632'),
('73473', 'Latín II', '121632'),
('73474', 'Matemáticas Aplicadas a las Ciencias Sociales II', '121632'),
('73476', 'Primera Lengua Extranjera Inglés II', '121632'),
('73478', 'Economía de la Empresa', '121632'),
('73479', 'Griego II', '121632'),
('73480', 'Historia del Arte', '121632'),
('73481', 'Geografía', '121632'),
('73482', 'Historia de la Filosofía', '121632'),
('73483', 'Imagen y Sonido', '121632'),
('73484', 'Psicología', '121632'),
('73485', 'Tecnologías de la Información y la Comunicación II', '121632'),
('73487', 'Análisis Musical II', '121632'),
('73488', 'Fundamentos de Administración y Gestión', '121632'),
('73490', 'Segunda Lengua Extranjera Francés II', '121632'),
('73493', 'Segunda Lengua Extranjera Portugués II', '121632'),
('73556', 'Análisis Musical II', '121631'),
('73558', 'Actividad Física, Deporte y Ocio Activo', '121631'),
('73559', 'Proyecto de Investigación', '121631'),
('73578', 'Actividad Física, Deporte y Ocio Activo', '121632'),
('73579', 'Proyecto de Investigación', '121632'),
('73610', 'Física y Química', '100324'),
('73611', 'Geografía e Historia', '100324'),
('73612', 'Lengua Castellana y Literatura', '100324'),
('73613', 'Matemáticas', '100324'),
('73615', 'Primera Lengua Extranjera Inglés', '100324'),
('73617', 'Educación Física', '100324'),
('73618', 'Religión Católica', '100324'),
('73620', 'Valores Éticos', '100324'),
('73621', 'Tecnología', '100324'),
('73622', 'Música', '100324'),
('73624', 'Segunda Lengua Extranjera Francés', '100324'),
('73626', 'Segunda Lengua Extranjera Italiano', '100324'),
('73627', 'Segunda Lengua Extranjera Portugués', '100324'),
('73630', 'Educación para la ciudadanía y Derechos Humanos', '100324'),
('73631', 'Ámbito Lingüístico y Social', '121698'),
('73634', 'Ámbito Científico y Matemático', '121698'),
('73637', 'Educación Física', '121698'),
('73638', 'Ámbito de Lenguas Extranjeras', '121698'),
('73641', 'Religión Católica', '121698'),
('73643', 'Valores Éticos', '121698'),
('73644', 'Música', '121698'),
('73645', 'Educación para la ciudadanía y Derechos Humanos', '121698'),
('73646', 'Ámbito Práctico y de las Nuevas Tecnologías', '121698'),
('73652', 'Matemáticas Orientadas a las Enseñanzas Académicas', '100326'),
('73653', 'Matemáticas Orientadas a las Enseñanzas Aplicadas', '100326'),
('73654', 'Geografía e Historia', '100326'),
('73655', 'Lengua Castellana y Literatura', '100326'),
('73657', 'Primera Lengua Extranjera Inglés', '100326'),
('73659', 'Biología y Geología', '100326'),
('73660', 'Física y Química', '100326'),
('73661', 'Economía', '100326'),
('73662', 'Latín', '100326'),
('73663', 'Tecnología', '100326'),
('73664', 'Iniciación a la Actividad Emprendedora y Empresarial', '100326'),
('73665', 'Ciencias Aplicadas a la Actividad Profesional', '100326'),
('73666', 'Educación Física', '100326'),
('73667', 'Valores Éticos', '100326'),
('73668', 'Religión Católica', '100326'),
('73669', 'Cultura clásica', '100326'),
('73670', 'Educación Plástica, Visual y Audiovisual', '100326'),
('73671', 'Filosofía', '100326'),
('73672', 'Música', '100326'),
('73674', 'Segunda Lengua Extranjera Francés', '100326'),
('73677', 'Segunda Lengua Extranjera Portugués', '100326'),
('73679', 'Cultura Científica', '100326'),
('73680', 'Tecnologías de la Información y la Comunicación', '100326'),
('73683', 'Ámbito Práctico y de las Nuevas Tecnologías', '121620'),
('76451', 'Tecnología', '121620'),
('76532', 'Segunda Lengua Extranjera Francés', '100326'),
('76535', 'Segunda Lengua Extranjera Portugués', '100326'),
('76574', 'Religión Católica', '121631'),
('76575', 'Religión Católica', '121632'),
('78052', 'Refuerzos', '100324'),
('78053', 'Refuerzo de Lengua Castellana y Literatura', '100324'),
('78054', 'Refuerzo de Matemáticas', '100324'),
('82194', 'Gestión económica y financiera de la empresa', '122724'),
('82195', 'Políticas de Márketing', '122724'),
('82196', 'Marketing digital', '122724'),
('82197', 'Diseño y elaboración de material de comunicación', '122724'),
('82198', 'Medios y soportes de comunicación', '122724'),
('82199', 'Relaciones públicas y organización de eventos de marketing', '122724'),
('82200', 'Investigación Comercial', '122724'),
('82201', 'Trabajo de campo de la investigación comercial', '122724'),
('82202', 'Lanzamiento de productos y servicios', '122724'),
('82203', 'Atención al cliente, consumidor y usuario', '122724'),
('82204', 'Ingles', '122724'),
('82205', 'Formación y Orientación Laboral', '122724'),
('83030', 'Modelos de Inteligencia Artificial', '122844'),
('83031', 'Sistemas de aprendizaje automático', '122844'),
('83032', 'Programación de Inteligencia Artificial', '122844'),
('83033', 'Sistemas de Big Data', '122844'),
('83034', 'Big Data Aplicado', '122844'),
('83854', 'Música', '100323'),
('83857', 'Primera Lengua Extranjera Inglés', '100323'),
('83862', 'Segunda Lengua Extranjera Francés', '100323'),
('83905', 'Biología y Geología', '100323'),
('83906', 'Educación Física', '100323'),
('83907', 'Educación Plástica, Visual y Audiovisual', '100323'),
('83909', 'Geografía e Historia', '100323'),
('83910', 'Lengua Castellana y Literatura', '100323'),
('83912', 'Matemáticas', '100323'),
('83920', 'Religión Católica', '100323'),
('83923', 'Atención Educativa', '100323'),
('83971', 'Biología y Geología', '100325'),
('83972', 'Tecnología y Digitalización', '100325'),
('83990', 'Educación Física', '100325'),
('83991', 'Educación Plástica, Visual y Audiovisual', '100325'),
('83992', 'Física y Química', '100325'),
('83993', 'Geografía e Historia', '100325'),
('83994', 'Lengua Castellana y Literatura', '100325'),
('83995', 'Matemáticas', '100325'),
('83996', 'Primera Lengua Extranjera Francés', '100325'),
('83997', 'Primera Lengua Extranjera Inglés', '100325'),
('83998', 'Primera Lengua Extranjera Portugués', '100325'),
('83999', 'Religión Católica', '100325'),
('84001', 'Atención Educativa', '100325'),
('84011', 'Segunda Lengua Extranjera Francés', '100325'),
('84015', 'Unión Europea', '100325'),
('84016', 'Cultura clásica', '100325'),
('84110', 'Refuerzo Ambito Sociolingüístico', '100323'),
('84111', 'Refuerzo Ambito Científico-Tecnológico', '100323'),
('84130', 'Digitalización Básica', '100323'),
('84210', 'Educación Física', '122940'),
('84211', 'Filosofía', '122940'),
('84213', 'Primera Lengua Extranjera Francés', '122940'),
('84214', 'Primera Lengua Extranjera Inglés', '122940'),
('84215', 'Primera Lengua Extranjera Portugués', '122940'),
('84217', 'Primera Lengua Extranjera Francés', '121555'),
('84218', 'Primera Lengua Extranjera Portugués', '121555'),
('84230', 'Matemáticas Generales', '122940'),
('84231', 'Educación Física', '121555'),
('84232', 'Filosofía', '121555'),
('84233', 'Primera Lengua Extranjera Inglés', '121555'),
('84250', 'Matemáticas aplicadas a las ciencias sociales I', '121555'),
('84290', 'Latín I', '121555'),
('84603', 'Preparación de pedidos y venta de productos', '122982'),
('84604', 'Técnicas básicas de merchandising', '122982'),
('84605', 'Aplicaciones básicas de ofimática', '122982'),
('84606', 'Ciencias aplicadas I', '122982'),
('84607', 'Comunicación y Ciencias Sociales I', '122982'),
('84608', 'Lengua Extranjera de Iniciación Profesional I', '122982'),
('84609', 'Lengua Castellana y Ciencias Sociales I', '122982'),
('84610', 'Formación en Centros de Trabajo I', '122982'),
('84665', 'Educación Física', '123055'),
('84666', 'Filosofía', '123055'),
('84668', 'Lengua Castellana y Literatura I', '123055'),
('84694', 'Religión Católica', '123055'),
('84710', 'Matemáticas I', '123055'),
('84711', 'Biología,Geología y Ciencias ambientales', '123055'),
('84712', 'Dibujo Técnico I', '123055'),
('84713', 'Física y Química', '123055'),
('84714', 'Tecnología e Ingenieria I', '123055'),
('84716', 'Segunda Lengua Extranjera Francés', '123055'),
('84718', 'Inteligencia Artificial', '123055'),
('84734', 'Análisis Musical I', '123055'),
('84740', 'Lengua Castellana y Literatura I', '122940'),
('84741', 'Economía,Emprendimiento y Actividad Empresarial.', '122940'),
('84742', 'Biología,Geología y Ciencias ambientales', '122940'),
('84743', 'Dibujo Técnico I', '122940'),
('84744', 'Física y Química', '122940'),
('84745', 'Tecnología e Ingenieria I', '122940'),
('84746', 'Latín I', '122940'),
('84747', 'Economía', '122940'),
('84748', 'Historia del Mundo Contemporáneo', '122940'),
('84749', 'Literatura Universal', '122940'),
('84753', 'Griego I', '122940'),
('84770', 'Análisis Musical I', '122940'),
('84778', 'Segunda Lengua Extranjera Francés', '122940'),
('84782', 'Inteligencia Artificial', '122940'),
('84783', 'Religión Católica', '122940'),
('84811', 'Lengua Castellana y Literatura I', '121555'),
('84830', 'Primera Lengua Extranjera Francés', '123055'),
('84850', 'Primera Lengua Extranjera Inglés', '123055'),
('84851', 'Primera Lengua Extranjera Portugués', '123055'),
('84870', 'Economía', '121555'),
('84871', 'Griego I', '121555'),
('84872', 'Historia del Mundo Contemporáneo', '121555'),
('84873', 'Literatura Universal', '121555'),
('84874', 'Segunda Lengua Extranjera Francés', '121555'),
('84876', 'Inteligencia Artificial', '121555'),
('84877', 'Religión Católica', '121555'),
('84910', 'Análisis Musical I', '121555'),
('85020', 'I-Aplicaciones básicas de ofimática', '123051'),
('85021', 'I-Preparación de pedidos y venta de productos', '123051'),
('85022', 'I-Técnicas básicas de merchandising', '123051'),
('85023', 'I-Ciencias aplicadas I', '123051'),
('85024', 'I-Comunicación y Ciencias Sociales I', '123051'),
('85025', 'I-Lengua Extranjera de Iniciación Profesional I', '123051'),
('85026', 'I-Lengua Castellana y Ciencias Sociales I', '123051'),
('85027', 'I-Formación en Centros de Trabajo I', '123051'),
('86522', 'Iniciación a la Actividad Emprendedora y Empresarial', '100325'),
('86693', 'Educación Física', '122942'),
('86694', 'Educación Plástica, Visual y Audiovisual', '122942'),
('86695', 'Atención Educativa', '122942'),
('86698', 'Primera Lengua Extranjera Inglés', '122942'),
('86700', 'Religión Católica', '122942'),
('86702', 'Unión Europea', '122942'),
('86703', 'Cultura clásica', '122942'),
('86708', 'Segunda Lengua Extranjera Francés', '122942'),
('86974', 'Análisis Musical I', '122940'),
('87012', 'Ámbito Práctico', '122942'),
('87013', 'Ámbito Sociolingüístico', '122942'),
('87014', 'Ámbito Científico-Tecnológico', '122942'),
('87074', 'Física y Química', '123055');

-- --------------------------------------------------------

--
-- Estructura de tabla para la tabla `tramos_horarios`
--

--
-- Volcado de datos para la tabla `tramos_horarios`
--

INSERT INTO `tramos_horarios` (`Codigo`, `Tramo`, `Inicio`, `Fin`, `Jornada`) VALUES
('778958', '9', '990', '1040', 'V'),
('778960', '10', '1040', '1090', 'V'),
('778962', '11', '1090', '1140', 'V'),
('778964', '12', '1155', '1205', 'V'),
('778966', '13', '1205', '1255', 'V'),
('778968', '14', '1255', '1305', 'V'),
('778970', '1', '510', '565', 'M'),
('778972', '2', '565', '620', 'M'),
('778976', '3', '635', '690', 'M'),
('778978', '4', '690', '745', 'M'),
('778982', '5', '760', '815', 'M'),
('778984', '6', '815', '870', 'M');

-- --------------------------------------------------------

--
-- Estructura de tabla para la tabla `unidades`
--

--
-- Volcado de datos para la tabla `unidades`
--

INSERT INTO `unidades` (`Codigo`, `Descripcion`, `Curso`, `Aula`) VALUES
('650541', '2EA', '100324', ''),
('650542', '2EB', '100324', ''),
('650543', '1EA', '100323', ''),
('650544', '1EB', '100323', ''),
('650545', '3EA', '100325', ''),
('650546', '3EB', '100325', ''),
('650547', '4EA', '100326', ''),
('650548', '4EB', '100326', ''),
('650549', '2FSC', '121033', ''),
('650550', '1P', '120919', ''),
('650551', '1CFGB', '122982', ''),
('650552', '2P', '121595', ''),
('650553', '2Q', '120465', ''),
('650554', '2QV', '120465', ''),
('650555', '1R', '114221', ''),
('650556', '1RV', '114221', ''),
('650557', '2R', '120381', ''),
('650558', '2RV', '120381', ''),
('650559', '1Q', '113971', ''),
('650560', '1QV', '113971', ''),
('650561', '2S', '121590', ''),
('650562', '2SV', '121590', ''),
('650563', '2BH', '121632', ''),
('650579', '1S', '120903', ''),
('650580', '1SV', '120903', ''),
('650581', '1V', '120904', ''),
('650582', '2V', '121591', ''),
('650583', '1MV', '120373', ''),
('650584', '2MV', '120464', ''),
('650585', '1W', '120374', ''),
('650586', '2W', '120474', ''),
('650587', '1T', '120909', ''),
('650588', '2T', '121592', ''),
('650589', '2KV', '121585', ''),
('650590', '2BC', '121631', ''),
('651649', '1BH', '122940', ''),
('651650', '1BH', '121555', ''),
('651651', '1KV', '120981', ''),
('651655', '3ºDiv', '122942', ''),
('657620', '2PMR', '121698', ''),
('657621', '1QD', '120985', ''),
('657622', '1KD', '122724', ''),
('657639', '1BC', '123055', ''),
('659429', 'IV', '122844', '');


/*!40101 SET CHARACTER_SET_CLIENT=@OLD_CHARACTER_SET_CLIENT */;
/*!40101 SET CHARACTER_SET_RESULTS=@OLD_CHARACTER_SET_RESULTS */;
/*!40101 SET COLLATION_CONNECTION=@OLD_COLLATION_CONNECTION */;
